ID,Type,SKU,"GTIN, UPC, EAN, or ISBN",Name,Published,"Is featured?","Visibility in catalog","Short description",Description,"Date sale price starts","Date sale price ends","Tax status","Tax class","In stock?",Stock,"Low stock amount","Backorders allowed?","Sold individually?","Weight (lbs)","Length (in)","Width (in)","Height (in)","Allow customer reviews?","Purchase note","Sale price","Regular price",Categories,Tags,"Shipping class",Images,"Download limit","Download expiry days",Parent,"Grouped products",Upsells,Cross-sells,"External URL","Button text",Position,Brands,"Meta: _wpcom_is_markdown","Attribute 1 name","Attribute 1 value(s)","Attribute 1 visible","Attribute 1 global","Attribute 2 name","Attribute 2 value(s)","Attribute 2 visible","Attribute 2 global"
126,simple,SKIN001,,"Vitamin C 3% serum",1,0,visible,"A lightweight 3% Vitamin C serum that brightens dull skin, fades dark spots, and evens out skin tone without irritation. Suitable for all skin types, including sensitive skin.","This lightweight Vitamin C 3% serum is designed to give your skin a natural glow while being gentle enough for daily use. It helps brighten dull and tired-looking skin, reduces pigmentation and acne marks, and supports collagen production for a smooth and healthy complexion. The 3% concentration makes it ideal for beginners and sensitive skin types who want the benefits of Vitamin C without harsh reactions. The formula also contains hydrating and soothing ingredients like hyaluronic acid and aloe vera to keep the skin calm, soft, and moisturized. Regular use helps improve skin texture, protect against environmental stress, and reveal a clearer and more radiant skin tone. Suitable for all skin types and free from parabens, silicones, alcohol, artificial fragrance, and mineral oils. Apply 2–3 drops on clean skin after cleansing, followed by moisturizer. Use sunscreen during the day for best results.",,,taxable,,1,,,0,0,,,,,1,,80,95,"Face Care > Serums","3% Concentration, Anti-aging, Brightening, Skincare, Vitamin C Serum",,http://skinelle.madrasthemes.com/wp-content/uploads/2025/11/product-5.webp,,,,,,,,,0,,1,,,,,,,,
127,simple,SKIN002,,"Gentle Foaming Face Wash",1,0,visible,"A mild foaming face wash that gently removes dirt, excess oil, and impurities without drying out the skin, leaving it soft, clean, and refreshed.","This gentle foaming face wash is formulated to cleanse the skin effectively while maintaining its natural moisture balance. The soft foam lifts away impurities, sweat, and pollutants without stripping the skin or causing tightness. Enriched with soothing and hydrating ingredients, it leaves the skin feeling comfortable, smooth, and refreshed after every wash. Suitable for daily use, it is ideal for all skin types, including sensitive and delicate skin. The non-drying formula supports a healthy skin barrier and helps keep the skin calm, clear, and naturally balanced. Free from sulfates, parabens, alcohol, and artificial fragrance, this face wash makes a perfect first step in any skincare routine. Use morning and night on damp skin, massage gently, and rinse well for a fresh, clean complexion.",,,taxable,,1,,,0,0,,,,,1,,38,50,"Face Care > Toners","Hydra Soothing Cream, Hydrating, Moisturizer, Sensitive Skin, Skincare",,http://skinelle.madrasthemes.com/wp-content/uploads/2025/11/product-30.webp,,,,,,,,,0,,1,,,,,,,,
128,simple,SKIN003,,"Hydrating Night Moisturizer",1,0,visible,"A deeply nourishing hydrating night moisturizer that restores moisture, repairs the skin barrier, and leaves the skin soft, plump, and refreshed by morning.","This hydrating night moisturizer is designed to work overnight, replenishing lost moisture and helping the skin recover from daily stress. Its rich yet breathable texture absorbs gradually, delivering long-lasting hydration while supporting natural overnight repair. Packed with skin-replenishing ingredients, it softens dryness, smooths rough texture, and improves elasticity, so you wake up to well-rested, supple, and healthier-looking skin. Suitable for all skin types, especially dry, dehydrated, and tired skin, this moisturizer strengthens the skin barrier and prevents moisture loss throughout the night. Free from parabens, mineral oils, alcohol, and artificial fragrance, it makes the perfect final step in a nighttime skincare routine. Apply evenly on face and neck after serum before going to bed for a deeply hydrated and revived complexion by morning.",,,taxable,,1,,,0,0,,,,,1,,28,40,"Face Care > Masks","Argan Oil, Exfoliating, Natural Skincare, Rice Body Scrub",,http://skinelle.madrasthemes.com/wp-content/uploads/2025/11/product-28.webp,,,,,,,,,0,,1,,,,,,,,
129,simple,SKIN004,,"Salicylic Acid Toner",1,0,visible,"A pore-clearing salicylic acid toner that helps control excess oil, reduce breakouts, and smooth skin texture without over-drying.","This salicylic acid toner is formulated to deeply exfoliate inside the pores, helping to clear blackheads, whiteheads, and acne-causing buildup. The lightweight, non-sticky formula gently removes excess oil, unclogs pores, and refines uneven texture, leaving the skin looking clearer and more balanced. Ideal for oily and acne-prone skin, it helps reduce inflammation, prevent future breakouts, and minimize the appearance of enlarged pores over time. Unlike harsh toners, it contains hydrating and soothing ingredients to maintain moisture and prevent irritation, making it suitable for daily use. Free from parabens, alcohol, artificial fragrance, and mineral oils, this toner keeps the skin fresh, matte, and smooth. Apply with a cotton pad or pat directly onto clean skin after cleansing, morning or night, and follow with a moisturizer and sunscreen during the day.",,,taxable,,1,,,0,0,,,,,1,,26,30,"Face Care > Cleansers","Anti-aging Skincare, Firming Serum, Skin Tightening",,http://skinelle.madrasthemes.com/wp-content/uploads/2025/11/product-29.webp,,,,,,,,,0,,1,,,,,,,,
130,simple,SKIN005,,"Anti-pigmentation serum",1,0,visible,"Created specifically to combat pigmentation, it has been supplemented with the most effective product.","Specially selected products provide comprehensive body and face care, making this gift desirable and enjoyable for any holiday.",,,taxable,,1,,,0,0,,,,,1,,,80.5,"Catalog > Anti-pigmentation serum","Beauty, Health",,http://skinelle.madrasthemes.com/wp-content/uploads/2025/11/product-7.webp,,,,,,,,,0,,1,,,,,,,,
131,variable,SKIN006,,"Set of body care products",1,1,visible,"Specially selected products provide comprehensive body and face care, making this gift desirable and enjoyable for any holiday.","Specially selected products provide comprehensive body and face care, making this gift desirable and enjoyable for any holiday.",,,taxable,,1,,,0,0,,,,,1,,,,"Catalog > Anti-pigmentation serum","Beauty, Health",,"http://skinelle.madrasthemes.com/wp-content/uploads/2025/11/product-14.webp, http://skinelle.madrasthemes.com/wp-content/uploads/2025/11/product-30.webp, http://skinelle.madrasthemes.com/wp-content/uploads/2025/11/product-12.webp, http://skinelle.madrasthemes.com/wp-content/uploads/2025/11/product-17.webp",,,,,,,,,0,,1,Size,"100ml, 30ml, 60ml",1,1,"Skin type","Combination, Dry, Normal, Oily, Sensitive",1,1
132,variation,SKIN006-30ml,,"Set of body care products",1,0,visible,,"Specially selected products provide comprehensive body and face care, making this gift desirable and enjoyable for any holiday.",,,taxable,,1,,,0,0,,,,,0,,30,58,,,,http://skinelle.madrasthemes.com/wp-content/uploads/2025/11/product-30.webp,,,SKIN006,,,,,,0,,,Size,60ml,,1,"Skin type",Sensitive,,1
133,variation,SKIN006-60ml,,"Set of body care products",1,0,visible,,"Specially selected products provide comprehensive body and face care, making this gift desirable and enjoyable for any holiday.",,,taxable,,1,,,0,0,,,,,0,,40,84,,,,http://skinelle.madrasthemes.com/wp-content/uploads/2025/11/product-12.webp,,,SKIN006,,,,,,0,,,Size,30ml,,1,"Skin type",Oily,,1
134,variation,SKIN006-100ml,,"Set of body care products",1,0,visible,,"Specially selected products provide comprehensive body and face care, making this gift desirable and enjoyable for any holiday.",,,taxable,,1,,,0,0,,,,,0,,100,128,,,,http://skinelle.madrasthemes.com/wp-content/uploads/2025/11/product-17.webp,,,SKIN006,,,,,,0,,,Size,100ml,,1,"Skin type",Combination,,1
135,simple,SKIN007,,"Peptide-Tox cream",1,1,visible,"A skin-rejuvenating Peptide-Tox cream that smooths fine lines, boosts firmness, and helps maintain a youthful, lifted appearance.","This Peptide-Tox cream is a rich, age-supporting formula designed to improve skin firmness, elasticity, and smoothness. Powered by multi-peptide technology, it works to relax tension in the skin, soften expression lines, and support natural collagen production for a firmer and more sculpted look. The cream absorbs comfortably without heaviness, delivering deep nourishment while helping the skin appear lifted, refined, and visibly younger over time. Suitable for aging, tired, or stressed skin, it also strengthens the skin barrier, enhances moisture retention, and restores a healthy, resilient texture. Free from parabens, mineral oils, alcohol, and artificial fragrance, it can be used daily as the final step in your skincare routine. Apply evenly on face and neck, morning and night, to achieve a smooth, plump, and rejuvenated complexion.",,,taxable,,1,,,0,0,,,,,1,,,70,"Face Care > Cleansers","Anti-aging, Cream, Peptide, Rejuvenating, Skincare, Tox",,http://skinelle.madrasthemes.com/wp-content/uploads/2025/11/product-6.webp,,,,,,,,,0,,1,,,,,,,,
136,variable,SKIN008,,"Cosmetic firming serum",1,0,visible,"A skin-firming serum that helps improve elasticity, reduce fine lines, and give a lifted, youthful appearance with daily use.","This cosmetic firming serum is formulated to support the skin’s natural firmness and elasticity, helping it appear tighter, smoother, and more lifted over time. The lightweight texture absorbs quickly into the skin, delivering active ingredients that work to reduce the look of fine lines, improve skin density, and enhance overall skin structure. It helps restore a youthful bounce by boosting collagen support and strengthening the skin barrier. With regular use, the skin feels firmer, looks more defined, and gains a healthier, refreshed appearance. Suitable for all skin types, including mature and early-aging skin, the serum is free from parabens, mineral oils, silicones, and artificial fragrance. Apply a few drops to clean skin before moisturizer, morning and night, for visible firming results.",,,taxable,,1,,,0,0,,,,,1,,,,"Face Care > Serums","Anti-aging Skincare, Firming Serum, Skin Tightening",,"http://skinelle.madrasthemes.com/wp-content/uploads/2025/11/product-9.webp, http://skinelle.madrasthemes.com/wp-content/uploads/2025/11/product-6.webp, http://skinelle.madrasthemes.com/wp-content/uploads/2025/11/product-20.webp, http://skinelle.madrasthemes.com/wp-content/uploads/2025/11/product-5.webp, http://skinelle.madrasthemes.com/wp-content/uploads/2025/11/product-22.webp, http://skinelle.madrasthemes.com/wp-content/uploads/2025/11/product-11.webp",,,,,,,,,0,,1,,,,,,,,
137,variation,SKIN008-normal,,"Cosmetic firming serum",1,0,visible,,"This cosmetic firming serum is formulated to support the skin’s natural firmness and elasticity, helping it appear tighter, smoother, and more lifted over time. The lightweight texture absorbs quickly into the skin, delivering active ingredients that work to reduce the look of fine lines, improve skin density, and enhance overall skin structure. It helps restore a youthful bounce by boosting collagen support and strengthening the skin barrier. With regular use, the skin feels firmer, looks more defined, and gains a healthier, refreshed appearance. Suitable for all skin types, including mature and early-aging skin, the serum is free from parabens, mineral oils, silicones, and artificial fragrance. Apply a few drops to clean skin before moisturizer, morning and night, for visible firming results.",,,taxable,,1,,,0,0,,,,,0,,,32,,,,http://skinelle.madrasthemes.com/wp-content/uploads/2025/11/product-6.webp,,,SKIN008,,,,,,0,,,,,,,,,,
138,variation,SKIN008-oily,,"Cosmetic firming serum",1,0,visible,,"This cosmetic firming serum is formulated to support the skin’s natural firmness and elasticity, helping it appear tighter, smoother, and more lifted over time. The lightweight texture absorbs quickly into the skin, delivering active ingredients that work to reduce the look of fine lines, improve skin density, and enhance overall skin structure. It helps restore a youthful bounce by boosting collagen support and strengthening the skin barrier. With regular use, the skin feels firmer, looks more defined, and gains a healthier, refreshed appearance. Suitable for all skin types, including mature and early-aging skin, the serum is free from parabens, mineral oils, silicones, and artificial fragrance. Apply a few drops to clean skin before moisturizer, morning and night, for visible firming results.",,,taxable,,1,,,0,0,,,,,0,,,45,,,,http://skinelle.madrasthemes.com/wp-content/uploads/2025/11/product-20.webp,,,SKIN008,,,,,,0,,,,,,,,,,
139,variation,SKIN008-dry,,"Cosmetic firming serum",1,0,visible,,"This cosmetic firming serum is formulated to support the skin’s natural firmness and elasticity, helping it appear tighter, smoother, and more lifted over time. The lightweight texture absorbs quickly into the skin, delivering active ingredients that work to reduce the look of fine lines, improve skin density, and enhance overall skin structure. It helps restore a youthful bounce by boosting collagen support and strengthening the skin barrier. With regular use, the skin feels firmer, looks more defined, and gains a healthier, refreshed appearance. Suitable for all skin types, including mature and early-aging skin, the serum is free from parabens, mineral oils, silicones, and artificial fragrance. Apply a few drops to clean skin before moisturizer, morning and night, for visible firming results.",,,taxable,,1,,,0,0,,,,,0,,,80,,,,http://skinelle.madrasthemes.com/wp-content/uploads/2025/11/product-5.webp,,,SKIN008,,,,,,0,,,,,,,,,,
140,simple,SKIN009,,"Charcoal Detox Cleanser",1,0,visible,"A deep-cleansing charcoal detox cleanser that removes impurities, absorbs excess oil, and leaves the skin fresh, purified, and balanced.","This charcoal detox cleanser is formulated to draw out dirt, oil, and pollutants from deep within the pores, giving the skin a clean and refreshed feel without stripping moisture. Activated charcoal acts like a magnet to remove buildup, while gentle cleansing agents wash away impurities, sweat, and excess sebum. The lightweight gel texture foams softly and rinses off easily, helping to reduce congestion, prevent breakouts, and leave the skin naturally matte and clarified. Ideal for oily, combination, and acne-prone skin, it keeps the complexion clear and balanced with daily use. The formula is free from parabens, sulfates, alcohol, and artificial fragrance, making it suitable for those who want an effective deep cleanse without irritation. Use morning and night on damp skin, massage gently, and rinse thoroughly for a purified, detoxed glow.",,,taxable,,1,,,0,0,,,,,1,,,28,"Hair Care > Treatments","Anti-aging Skincare, Firming Serum, Skin Tightening",,http://skinelle.madrasthemes.com/wp-content/uploads/2025/11/product-17.webp,,,,,,,,,0,,1,,,,,,,,
141,simple,SKIN010,,"Hydrating gel-cream",1,0,visible,"A lightweight hydrating gel-cream that delivers long-lasting moisture without feeling greasy, keeping skin soft, fresh, and balanced all day. Suitable for all skin types, especially oily and combination skin.","This hydrating gel-cream is a fast-absorbing, oil-free formula that provides deep moisture while maintaining a light, breathable texture on the skin. It helps restore the skin’s natural hydration barrier, keeps dryness away, and gives a fresh cooling finish that works perfectly under makeup or sunscreen. Enriched with skin-soothing ingredients like hyaluronic acid, aloe, and vitamin B5, it leaves the skin plump, calm, and nourished without clogging pores or causing stickiness. Ideal for humid weather and daily use, this gel-cream balances oil levels, reduces dehydration lines, and comforts both oily and sensitive skin types. It is free from parabens, mineral oils, artificial fragrance, and alcohol. Apply evenly on face and neck after serum, morning and night, for smooth, hydrated, and healthy-looking skin.",,,taxable,,1,,,0,0,,,,,1,,50,68,"Face Care > Toners","Gel-cream, Hydrating, Moisturizing, Skin Hydration",,http://skinelle.madrasthemes.com/wp-content/uploads/2025/11/product-8.webp,,,,,,,,,0,,1,,,,,,,,
142,simple,SKIN011,,"Collagen face cream",1,0,visible,"A nourishing collagen face cream that helps improve skin elasticity, smooth fine lines, and maintain a youthful, plump appearance.","This collagen face cream is designed to deeply moisturize the skin while supporting its natural firmness and elasticity. The rich yet non-greasy texture absorbs smoothly, helping to reduce the appearance of fine lines, restore bounce, and keep the skin soft and supple throughout the day. Infused with collagen-boosting ingredients and hydrating agents, it strengthens the skin barrier, improves texture, and protects against dryness and signs of aging. With consistent use, the skin looks firmer, more lifted, and visibly rejuvenated. Suitable for normal, dry, and mature skin types, this cream is free from parabens, mineral oils, artificial fragrance, and harsh chemicals. Apply evenly on face and neck as the final step in your skincare routine, morning and night, for youthful, well-hydrated skin.",,,taxable,,1,,,0,0,,,,,1,,14,24,"Skincare Sets > Complete Care","Anti-aging, Collagen Boosting, Hydration, Skincare, Youthful Skin",,http://skinelle.madrasthemes.com/wp-content/uploads/2025/11/product-10.webp,,,,,,,,,0,,1,,,,,,,,
143,simple,SKIN012,,"Hydrating Sheet Mask Single",1,0,visible,"A single-use hydrating sheet mask that instantly boosts moisture, soothes dryness, and leaves the skin soft, plump, and refreshed in just 15 minutes.","This hydrating sheet mask is infused with a concentrated moisture-boosting essence that delivers instant relief to dry, tired, and dehydrated skin. The lightweight sheet adheres comfortably to the face, allowing the skin to absorb nourishing ingredients while creating a cooling and soothing effect. In just one use, it helps restore hydration, improve softness, and leave the skin looking fresh, smooth, and naturally radiant. Perfect for travel, self-care, or a quick glow-up before events, this mask works for all skin types and can be used anytime the skin feels dull or thirsty. Free from parabens, alcohol, and artificial fragrance, it is gentle even on sensitive skin. Apply on a clean face, leave on for 15–20 minutes, remove, and lightly massage the remaining serum into the skin—no need to rinse.",,,taxable,,1,,,0,0,,,,,1,,30,48,"Face Care > Eye Care","Hydrating Toner, Probiotic Toner, Probiotics For Skin, Skin Calming",,http://skinelle.madrasthemes.com/wp-content/uploads/2025/11/product-18.webp,,,,,,,,,0,,1,,,,,,,,
144,simple,SKIN013,,"Glycolic Acid Exfoliant",1,0,visible,"A gentle glycolic acid exfoliant that removes dead skin cells, brightens dull skin, and smooths uneven texture for a clearer, more radiant complexion.","This glycolic acid exfoliant is formulated to provide mild yet effective resurfacing, helping to dissolve dead skin cells, unclog pores, and reveal a fresh, even-toned layer of skin. With regular use, it helps fade dark spots, refine rough texture, and improve the overall brightness and clarity of the skin. The lightweight, leave-on formula absorbs quickly without stickiness and works overnight to renew the skin while maintaining hydration. Suitable for dull, uneven, and textured skin types, it offers visible results without harsh scrubbing or irritation. Free from parabens, alcohol, mineral oil, and artificial fragrance, it is designed for consistent use in a nighttime routine. Apply a thin layer on clean, dry skin and follow with moisturizer. Always use sunscreen during the day when using exfoliating acids.",,,taxable,,1,,,0,0,,,,,1,,25,44,"Maternity Care > Moisturizers","Beauty, Health",,http://skinelle.madrasthemes.com/wp-content/uploads/2025/11/product-19.webp,,,,,,,,,0,,1,,,,,,,,
145,simple,SKIN014,,"Coconut Oil Body Lotion",1,0,visible,"A nourishing coconut oil body lotion that deeply moisturizes, softens dry skin, and leaves it smooth, hydrated, and naturally glowing.","This coconut oil body lotion is specially formulated to provide long-lasting hydration and restore softness to dry, rough, or dehydrated skin. Enriched with pure coconut oil and skin-loving emollients, it melts into the skin, locking in moisture and creating a smooth, supple finish without feeling sticky or greasy. The lightweight creamy texture absorbs quickly, helping to repair dryness, improve elasticity, and leave the skin lightly scented with a natural, comforting coconut aroma. Suitable for daily use on all skin types, including sensitive skin, it strengthens the skin barrier and keeps the body hydrated throughout the day. Free from parabens, mineral oils, silicones, and artificial colors, this lotion offers clean and gentle care for healthier-looking skin. Apply generously after bathing or whenever skin feels dry for soft, nourished, and silky-smooth skin.",,,taxable,,0,0,,0,0,,,,,1,,10,14,"Body Care > Moisturizers","Argan Oil, Exfoliating, Natural Skincare, Rice Body Scrub",,http://skinelle.madrasthemes.com/wp-content/uploads/2025/11/product-20.webp,,,,,,,,,0,,1,,,,,,,,
146,external,SKIN015,,"Exfoliating Body Scrub",1,0,visible,"An exfoliating body scrub that removes dead skin cells, smooths rough patches, and leaves the skin soft, polished, and refreshed.","This exfoliating body scrub is designed to gently buff away dead skin cells, unclog pores, and improve skin texture, revealing a smoother and more radiant surface. The scrub contains fine exfoliating particles that effectively polish the skin without causing irritation, while nourishing oils and hydrating ingredients help keep the skin soft and moisturized after rinsing. Regular use helps reduce dryness, ingrown hairs, and rough areas like elbows, knees, and heels, leaving the body feeling clean, silky, and renewed. Suitable for all skin types, this scrub is free from parabens, mineral oils, and artificial fragrance, making it a safe and refreshing part of a weekly body care routine. Massage onto damp skin in circular motions and rinse thoroughly for instantly smoother, glowing skin.",,,taxable,,1,,,0,0,,,,,1,,,58,"Face Care > Masks","Anti-aging, Hyaluronic Acid, Skin Hydration",,http://skinelle.madrasthemes.com/wp-content/uploads/2025/11/product-21.webp,,,,,,,https://mercantile.wordpress.org/product/wordpress-16oz-fall-cold-cup/,"Buy on WP store!",0,,1,,,,,,,,
147,simple,SKIN016,,"Stretch Mark Cream",1,0,visible,"A targeted stretch mark cream that helps improve skin elasticity, fade the appearance of stretch marks, and keep the skin smooth, firm, and deeply nourished.","This stretch mark cream is formulated to support the skin during periods of stretching and recovery, helping to reduce the visibility of existing stretch marks while preventing new ones from forming. Enriched with skin-firming ingredients, nourishing oils, and deep moisturizers, it strengthens the skin’s elasticity, improves texture, and promotes a more even tone. The rich yet fast-absorbing formula keeps the skin hydrated and supple without leaving a greasy residue, making it ideal for daily use on areas like the stomach, hips, thighs, breasts, and arms. Suitable for pregnancy, weight changes, and post-workout body transformation, it is gentle on all skin types and free from parabens, mineral oil, silicones, and artificial fragrance. Apply twice daily in circular motions to help the skin stay smooth, resilient, and visibly improved over time.",,,taxable,,1,,,0,0,,,,,1,,,76,"Face Care > Cleansers","Beauty, Skin Care, Skincare, Stretch Mark Cream",,http://skinelle.madrasthemes.com/wp-content/uploads/2025/11/product-16.webp,,,,,,,,,0,,1,,,,,,,,
148,simple,SKIN017,,"Antibacterial Body Wash",1,1,visible,"An antibacterial body wash that cleanses deeply, removes odor-causing bacteria, and leaves the skin fresh, purified, and protected.","This antibacterial body wash is formulated to thoroughly cleanse the skin while helping to eliminate bacteria that cause body odor, sweat buildup, and irritation. The gentle foaming formula washes away impurities without stripping the skin’s natural moisture, making it suitable for daily use even on active or sweaty skin. Enriched with soothing and hydrating ingredients, it keeps the skin soft, balanced, and refreshed after every shower. Ideal for those with body acne, gym routines, or humid climates, this wash helps maintain hygiene while supporting a healthy skin barrier. Free from parabens, sulfates, alcohol, and artificial fragrance, it offers clean and effective protection for all skin types. Use on damp skin, lather well, and rinse thoroughly for a fresh, purified, and odor-free feel throughout the day.",,,taxable,,1,,,0,0,,,,,1,,,30,"Body Care > Oils","Hydrating Toner, Probiotic Toner, Probiotics For Skin, Skin Calming",,http://skinelle.madrasthemes.com/wp-content/uploads/2025/11/product-22.webp,,,,,,,,,0,,1,,,,,,,,
149,simple,SKIN018,,"Relief barrier moisturiser",1,0,visible,"A restorative relief barrier moisturiser that strengthens the skin barrier, calms sensitivity, and keeps the skin deeply hydrated and protected.","This relief barrier moisturiser is specially formulated to repair and reinforce the skin’s natural barrier, making it ideal for dry, irritated, or damaged skin. Its soothing, cushiony texture delivers long-lasting hydration while reducing redness, tightness, and discomfort caused by sensitivity or over-exfoliation. Enriched with ceramides, calming actives, and barrier-strengthening ingredients, it helps lock in moisture, prevent water loss, and restore the skin’s healthy balance. With regular use, the skin feels softer, smoother, and more resilient against environmental stress and dryness. Free from parabens, alcohol, mineral oils, and artificial fragrance, this moisturiser is safe for all skin types, including sensitive, eczema-prone, and compromised skin. Apply morning and night after serum to maintain a calm, nourished, and well-protected complexion.",,,taxable,,1,,,0,0,,,,,1,,,74,"Body Care > Moisturizers","Barrier Protection, Hydration, Moisturizer, Skincare",,http://skinelle.madrasthemes.com/wp-content/uploads/2025/11/product-4.webp,,,,,,,,,0,,1,,,,,,,,
150,simple,SKIN019,,"Keratin Repair Shampoo",1,0,visible,"A nourishing keratin repair shampoo that strengthens damaged hair, reduces breakage, and restores smoothness, shine, and softness with every wash.","This keratin repair shampoo is formulated to gently cleanse the hair while delivering strengthening care to dry, weak, or chemically treated strands. Infused with keratin proteins, it helps repair surface damage, smooth rough cuticles, and reduce breakage caused by heat styling, colouring, or environmental stress. The rich lather cleanses without stripping natural oils, leaving the hair soft, manageable, and visibly healthier after each use. With continued application, it improves elasticity, restores shine, and enhances hair texture from root to tip. Suitable for all hair types, especially frizzy, damaged, and processed hair, this shampoo is free from sulfates, parabens, and harsh salts, making it gentle enough for daily use. Apply to wet hair, massage into scalp and lengths, and rinse thoroughly for smoother, stronger, and revitalised hair.",,,taxable,,1,,,0,0,,,,,1,,22,26,"Face Care > Cleansers","Aromatic, Cleansing, Hydrating, Invigorating, Refreshing",,http://skinelle.madrasthemes.com/wp-content/uploads/2025/11/product-23.webp,,,,,,,,,0,,1,,,,,,,,
151,simple,SKIN020,,"Hyaluronic acid serum",1,0,visible,"A deeply hydrating hyaluronic acid serum that plumps the skin, smooths fine dehydration lines, and delivers long-lasting moisture for a fresh, healthy glow.","This hyaluronic acid serum is designed to provide intense hydration by attracting and holding moisture within the skin, helping it stay plump, soft, and supple throughout the day. The lightweight, fast-absorbing texture layers easily under any skincare routine, making it suitable for all skin types, including oily and sensitive skin. With regular use, it helps reduce the appearance of fine lines caused by dryness, improves skin elasticity, and gives the complexion a naturally dewy, refreshed look. The formula contains multiple molecular weights of hyaluronic acid to hydrate both the surface and deeper layers of the skin, keeping it smooth and well-balanced. Free from parabens, alcohol, mineral oils, and artificial fragrance, it delivers clean, gentle, and effective hydration. Apply 2–3 drops on slightly damp skin after cleansing and before moisturizer, morning and night, for visibly plumped and nourished skin.",,,taxable,,1,,,0,0,,,,,1,,,18,"Face Care > Serums","Acne Treatment, Blemish Serum, Sebum Control, Skincare",,http://skinelle.madrasthemes.com/wp-content/uploads/2025/11/product-3.webp,,,,,,,,,0,,1,,,,,,,,
152,simple,SKIN021,,"Sebiaclear serum",1,0,visible,"A lightweight Sebiaclear serum that targets excess oil, unclogs pores, and helps reduce acne marks for clearer, smoother, and more refined skin.","This Sebiaclear serum is specially formulated for oily and acne-prone skin, helping to control sebum, reduce blemishes, and smooth uneven texture. The fast-absorbing formula works deep within the pores to minimise blackheads, whiteheads, and breakouts while fading post-acne marks and redness. It combines exfoliating and purifying actives that help refine pores, balance oil production, and keep the skin matte without drying it out. With consistent use, the skin looks clearer, softer, and more even-toned, making it ideal for those struggling with persistent breakouts or clogged skin. Suitable for daily use, this serum is free from parabens, alcohol, mineral oils, and artificial fragrance, making it gentle yet effective for sensitive, acne-prone skin. Apply a few drops on clean skin before moisturizer, morning and night. Always use sunscreen during the day when using active ingredients.",,,taxable,,1,,,0,0,,,,,1,,,76,"Face Care > Serums","Acne Treatment, Blemish Serum, Sebum Control, Skincare",,http://skinelle.madrasthemes.com/wp-content/uploads/2025/11/product-2.webp,,,,,,,,,0,,1,,,,,,,,
153,simple,SKIN022,,"Snail smart serum",1,0,visible,"A restorative snail smart serum that hydrates, repairs, and improves skin texture, leaving the skin smooth, plump, and naturally radiant.","This snail smart serum is enriched with high-quality snail mucin, known for its powerful skin-repairing, hydrating, and soothing properties. The lightweight, silky formula absorbs quickly, helping to fade acne scars, reduce redness, and smooth uneven texture while strengthening the skin barrier. It delivers deep moisture, supports skin regeneration, and improves elasticity, making the skin feel soft, bouncy, and refreshed. Ideal for dull, damaged, or irritated skin, this serum helps calm inflammation, brighten the complexion, and promote a healthier, well-rested look over time. Suitable for all skin types, including sensitive and acne-prone skin, it is free from parabens, mineral oil, alcohol, and artificial fragrance. Apply a few drops on clean skin before moisturizer, morning and night, for visibly smoother and revitalized skin.",,,taxable,,1,,,0,0,,,,,1,,,72,"Face Care > Serums","Acne Treatment, Blemish Serum, Sebum Control, Skincare",,http://skinelle.madrasthemes.com/wp-content/uploads/2025/11/product-1.webp,,,,,,,,,0,,1,,,,,,,,
170,simple,SKIN023,,"Overnight Repair Balm",1,0,visible,"An intensive overnight repair balm that deeply nourishes, restores the skin barrier, and helps wake up to calm, smooth, and renewed skin.","This overnight repair balm is a rich, restorative treatment designed to support the skin’s natural recovery process while you sleep. Its deeply nourishing formula melts into the skin, creating a protective layer that locks in moisture, repairs dryness, and soothes irritation caused by environmental stress, over-exfoliation, or barrier damage. Packed with replenishing oils, ceramides, and calming ingredients, it helps strengthen the skin barrier, reduce redness, and improve texture by morning. Suitable for dry, sensitive, and compromised skin, this balm delivers intense comfort without clogging pores or feeling greasy. It is free from parabens, mineral oils, alcohol, and artificial fragrance, making it gentle and safe for nightly use. Apply as the final step in your evening routine, or use as a targeted repair mask on dry, flaky, or irritated areas for restored, healthier-looking skin overnight.",,,taxable,,1,,,0,0,,,,,1,,,10,"Face Care > Toners","Hydrating Toner, Probiotic Toner, Probiotics For Skin, Skin Calming",,http://skinelle.madrasthemes.com/wp-content/uploads/2025/11/product-24.webp,,,,,,,,,0,,1,,,,,,,,
171,simple,SKIN024,,"Clarifying AHA Cleanser",1,1,visible,"A gentle clarifying AHA cleanser that exfoliates, removes impurities, and leaves the skin smooth, clear, and refreshed without stripping moisture.","This clarifying AHA cleanser is formulated to deeply cleanse the skin while providing mild exfoliation to remove dead skin cells, excess oil, and buildup. Infused with alpha hydroxy acids, it helps unclog pores, refine skin texture, and promote a brighter, more even complexion. The creamy, low-foam formula cleanses without drying, making it suitable for daily use and ideal for acne-prone, dull, or uneven skin. With continued use, it helps reduce congestion, smooth rough patches, and improve the absorption of other skincare products. Gentle enough to use in both morning and evening routines, this cleanser is free from parabens, sulfates, alcohol, and artificial fragrance. Apply to damp skin, massage for a few seconds, and rinse thoroughly for a clean, clarified, and renewed skin feel.",,,taxable,,1,,,0,0,,,,,1,,,29,"Body Care > Exfoliants","Aromatic, Cleansing, Hydrating, Invigorating, Refreshing",,http://skinelle.madrasthemes.com/wp-content/uploads/2025/11/product-13.webp,,,,,,,,,0,,1,,,,,,,,
172,simple,SKIN025,,"Hydra soothing cream",1,0,visible,"A lightweight, calming moisturiser designed to hydrate and soothe sensitive, irritated, or dehydrated skin. Enriched with skin-repairing actives that restore moisture balance while strengthening the skin barrier.","Hydra Soothing Cream is a gentle, fast-absorbing moisturiser formulated to deliver long-lasting hydration and relief to skin that feels tight, dry, or stressed. The formula combines deep-moisturising humectants with calming botanical extracts to reduce redness, replenish lost moisture, and leave the skin soft, balanced, and refreshed. Suitable for daily use on all skin types, including sensitive and acne-prone skin, this cream helps support the skin’s natural barrier and maintains a healthy, smooth complexion without greasiness or heaviness.",,,taxable,,1,,,0,0,,,,,1,,48,66,"Face Care > Toners","Hydra Soothing Cream, Hydrating, Moisturizer, Sensitive Skin, Skincare",,http://skinelle.madrasthemes.com/wp-content/uploads/2025/11/product-12.webp,,,,,,,,,0,,1,,,,,,,,
173,simple,SKIN026,,"Probiotic сalming toner",1,0,visible,"A soothing probiotic calming toner that balances the skin’s microbiome, reduces redness, and keeps the skin hydrated and refreshed.","This probiotic calming toner is formulated to gently rebalance and strengthen the skin while providing instant relief from sensitivity, redness, and dryness. Enriched with skin-friendly probiotics, it helps support a healthy skin barrier, improves moisture levels, and protects against irritation caused by pollution, stress, and external aggressors. The lightweight, alcohol-free texture absorbs quickly, leaving the skin soft, calm, and naturally refreshed without any sticky residue. It helps prepare the skin for better absorption of serums and moisturizers, making it an essential step in a daily skincare routine. Suitable for sensitive, dry, and compromised skin types, this toner is free from alcohol, parabens, artificial fragrance, and harsh chemicals. Apply with a cotton pad or gently pat onto clean skin after cleansing, morning and night, for a balanced, soothed, and hydrated complexion.",,,taxable,,1,,,0,0,,,,,1,,62,78,"Face Care > Toners","Hydrating Toner, Probiotic Toner, Probiotics For Skin, Skin Calming",,http://skinelle.madrasthemes.com/wp-content/uploads/2025/11/product-11.webp,,,,,,,,,0,,1,,,,,,,,
174,simple,SKIN027,,"Shower & bath gel",1,0,visible,"A refreshing and skin-friendly shower and bath gel that gently cleanses without stripping natural moisture, leaving the skin soft, hydrated, and lightly fragranced.","Shower & Bath Gel is a mild, soap-free cleanser designed to refresh and revitalise the skin while maintaining its natural moisture balance. Its gentle formula creates a soft lather that removes impurities, sweat, and excess oil without causing dryness or irritation. Enriched with hydrating and soothing ingredients, it leaves the skin feeling clean, smooth, and nourished after every wash. Ideal for daily use and suitable for all skin types, including sensitive skin, this gel can be used both in the shower and bath for a calming and uplifting cleansing experience.",,,taxable,,1,,,0,0,,,,,1,,,29,"Face Care > Toners","Aromatic, Cleansing, Hydrating, Invigorating, Refreshing",,http://skinelle.madrasthemes.com/wp-content/uploads/2025/11/product-25.webp,,,,,,,,,0,,1,,,,,,,,
175,simple,SKIN028,,"Hyaluronic skin booster",1,1,visible,"A deeply hydrating skin booster powered by multi-molecular hyaluronic acid to instantly plump, smooth, and replenish dehydrated skin for a fresh, supple glow.","Hyaluronic Skin Booster is a concentrated hydration treatment formulated to deliver intense moisture deep into the skin. Featuring multiple weights of hyaluronic acid, it helps attract and retain water at different skin layers, restoring elasticity and smoothing fine lines caused by dryness. The lightweight, fast-absorbing texture gives an instant boost of freshness without feeling sticky or greasy. With regular use, skin appears plumper, more radiant, and visibly healthier. Suitable for all skin types, including oily, sensitive, and ageing skin, this booster can be used alone or mixed with serums, moisturisers, or foundations for an extra dose of hydration.",,,taxable,,1,,,0,0,,,,,1,,,48.5,"Body Care > Exfoliants","Anti-aging, Hyaluronic Acid, Skin Hydration",,http://skinelle.madrasthemes.com/wp-content/uploads/2025/11/product-27.webp,,,,,,,,,0,,1,,,,,,,,
176,simple,SKIN029,,"Rice body scrub with argan oil",1,0,visible,"A gentle exfoliating body scrub made with finely milled rice particles and nourishing argan oil to smooth, soften, and rejuvenate dry, dull skin.","Rice Body Scrub with Argan Oil is a creamy exfoliator that combines the natural polishing power of rice powder with the deep nourishment of cold-pressed argan oil. It gently removes dead skin cells, unclogs pores, and improves skin texture without causing irritation or dryness. The formula melts into the skin, leaving it silky, hydrated, and naturally radiant after each use. Known for its high content of vitamin E and essential fatty acids, argan oil helps protect the skin barrier and restore softness, making this scrub ideal for rough areas such as elbows, knees, and heels. Suitable for all skin types, this body scrub provides a spa-like experience, leaving the skin smooth, refreshed, and glowing.",,,taxable,,1,,,0,0,,,,,1,,,35,"Maternity Care > Moisturizers","Argan Oil, Exfoliating, Natural Skincare, Rice Body Scrub",,http://skinelle.madrasthemes.com/wp-content/uploads/2025/11/product-26.webp,,,,,,,,,0,,1,,,,,,,,
177,grouped,SKIN030,,"Set of body care combo products",1,1,visible,"A complete body care combo designed to cleanse, exfoliate, nourish, and hydrate the skin from head to toe, leaving it soft, smooth, and healthy-looking.","The Body Care Combo is a thoughtfully curated set of premium products that work together to give your skin total care and comfort. Each product in the set has a unique purpose, from gentle cleansing and deep exfoliation to intense moisturising and long-lasting nourishment. Designed to suit all skin types, this combo helps remove impurities, smooth roughness, improve skin texture, and lock in moisture for all-day hydration. Ideal for daily self-care or as a gift, this body care set transforms your routine into a spa-like experience, leaving your skin refreshed, silky, and naturally radiant.",,,taxable,,1,,,0,0,,,,,1,,,,"Catalog > Anti-pigmentation serum","Beauty, Health",,"http://skinelle.madrasthemes.com/wp-content/uploads/2025/11/product-15.webp, http://skinelle.madrasthemes.com/wp-content/uploads/2025/11/product-10.webp, http://skinelle.madrasthemes.com/wp-content/uploads/2025/11/product-12.webp, http://skinelle.madrasthemes.com/wp-content/uploads/2025/11/product-13.webp",,,,"SKIN027, SKIN028, SKIN029",,,,,0,,1,,,,,,,,
